{"ADM06": {"ADM06": 625.2229976042, "ADM08": 48686.7090522522}, "ADM08": {"ADM06": 48686.7090522522, "ADM08": 10028051.322876085}}